# Xbox linker-map evidence; addresses are NOT PC or shipped-XBE claims.
# Input SHA-256: 4d958cd27e3dfd6e24bffdc66e527fde9802560e8cacc06170d2a9edf5a587f6
segment	offset	size	name	class
0x00000001	0x00000000	0x001f453c	.text	CODE
0x00000001	0x001f453c	0x000006cf	.text$x	CODE
0x00000001	0x001f4c10	0x000028c6	.text$yc	CODE
0x00000001	0x001f74e0	0x000029d0	.text$yd	CODE
0x00000002	0x00000000	0x0000058b	BINK32X2	CODE
0x00000003	0x00000000	0x00000558	BINK16X2	CODE
0x00000004	0x00000000	0x00001559	BINK32A	CODE
0x00000005	0x00000000	0x0000132b	BINK16	CODE
0x00000006	0x00000000	0x0000012e	BINK16MX2	CODE
0x00000007	0x00000000	0x00000c9c	BINKYUY2	CODE
0x00000008	0x00000000	0x000000b7	BINKYUY2X2	CODE
0x00000009	0x00000000	0x0000c88a	BINK	CODE
0x0000000a	0x00000000	0x00001275	BINK32	CODE
0x0000000b	0x00000000	0x00000087	BINKYUY2M	CODE
0x0000000c	0x00000000	0x000001f7	BINK16M	CODE
0x0000000d	0x00000000	0x0000014c	BINK32M	CODE
0x0000000e	0x00000000	0x0000009a	BINKYUY2MX2	CODE
0x0000000f	0x00000000	0x00001142	BINK5551	CODE
0x00000010	0x00000000	0x000015af	BINK4444	CODE
0x00000011	0x00000000	0x000001ba	BINK32MX2	CODE
0x00000012	0x00000000	0x00007f4d	DSOUND	CODE
0x00000012	0x00007f50	0x000014e4	DSOUND_RD	CODE
0x00000012	0x00009438	0x000006c8	DSOUND_RW	CODE
0x00000012	0x00009b00	0x000001dc	DSOUND_URW	CODE
0x00000013	0x00000000	0x0001be59	XGRPH	CODE
0x00000013	0x0001be60	0x00002dd3	XGRPH_RD	CODE
0x00000013	0x0001ec38	0x00000cac	XGRPH_RW	CODE
0x00000014	0x00000000	0x0000f9b6	D3D	CODE
0x00000014	0x0000f9b8	0x0000166f	D3D_RD	CODE
0x00000014	0x00011030	0x000038b8	D3D_URW	CODE
0x00000015	0x00000000	0x00000004	.XID$A	CODE
0x00000015	0x00000004	0x00000004	.XID$Gamepad	CODE
0x00000015	0x00000008	0x00000004	.XID$IrRemote	CODE
0x00000015	0x0000000c	0x00000004	.XID$ZZZ	CODE
0x00000015	0x00000010	0x00000004	.XPP$ClassA	CODE
0x00000015	0x00000014	0x00000004	.XPP$ClassMU	CODE
0x00000015	0x00000018	0x00000008	.XPP$ClassXID	CODE
0x00000015	0x00000020	0x00000004	.XPP$ClassZZHub	CODE
0x00000015	0x00000024	0x00000004	.XPP$ClassZZZ	CODE
0x00000015	0x00000028	0x00000001	.XPP$DATA	CODE
0x00000015	0x00000030	0x0000018c	.XPP$Data	CODE
0x00000015	0x000001bc	0x00000db6	.XPPCINIT	CODE
0x00000015	0x00000f72	0x00006822	.XPPCODE	CODE
0x00000015	0x00007794	0x00000030	.XPPRDATA	CODE
0x00000016	0x00000000	0x000001f0	.idata$5	DATA
0x00000016	0x00000200	0x0002e01c	.rdata	DATA
0x00000016	0x0002e220	0x000009fc	.xdata$x	DATA
0x00000016	0x0002ec1c	0x00000000	.edata	DATA
0x00000017	0x00000000	0x00000004	.CRT$RIA	DATA
0x00000017	0x00000004	0x00000004	.CRT$RII10	DATA
0x00000017	0x00000008	0x00000004	.CRT$RII20	DATA
0x00000017	0x0000000c	0x00000004	.CRT$RIZ	DATA
0x00000017	0x00000010	0x00000004	.CRT$XCA	DATA
0x00000017	0x00000014	0x00000004	.CRT$XCAA	DATA
0x00000017	0x00000018	0x00000564	.CRT$XCU	DATA
0x00000017	0x0000057c	0x00000004	.CRT$XCZ	DATA
0x00000017	0x00000580	0x00000004	.CRT$XIA	DATA
0x00000017	0x00000584	0x0000000c	.CRT$XIC	DATA
0x00000017	0x00000590	0x00000004	.CRT$XIY	DATA
0x00000017	0x00000594	0x00000004	.CRT$XIZ	DATA
0x00000017	0x00000598	0x00000004	.CRT$XPA	DATA
0x00000017	0x0000059c	0x00000004	.CRT$XPX	DATA
0x00000017	0x000005a0	0x00000004	.CRT$XPZ	DATA
0x00000017	0x000005a4	0x00000004	.CRT$XTA	DATA
0x00000017	0x000005a8	0x00000004	.CRT$XTB	DATA
0x00000017	0x000005ac	0x00000004	.CRT$XTZ	DATA
0x00000017	0x000005b0	0x00000004	.XAPI$LNA	DATA
0x00000017	0x000005b4	0x00000004	.XAPI$LNZ	DATA
0x00000017	0x000005c0	0x0001d900	.data	DATA
0x00000017	0x0001dec0	0x000c3e58	.bss	DATA
0x00000018	0x00000000	0x00007180	DOLBY	DATA
0x00000019	0x00000000	0x0000f648	BINKDATA	DATA
0x0000001a	0x00000000	0x00000014	.idata$2	CODE
0x0000001a	0x00000014	0x00000014	.idata$3	CODE
0x0000001a	0x00000028	0x000001f0	.idata$4	CODE
0x0000001a	0x00000218	0x0000000e	.idata$6	CODE
0x0000001b	0x00000000	0x00000010	.XBLD$A	DATA
0x0000001b	0x00000010	0x00000050	.XBLD$V	DATA
0x0000001c	0x00000000	0x00000001	.tls	DATA
0x0000001c	0x00000008	0x00000088	.tls$	DATA
0x0000001c	0x00000090	0x00000001	.tls$ZZZ	DATA
