# PC structural evidence; all addresses are PC RVAs.
# Input SHA256: 631a05531e382556cab3544d228b72171eff089b81696269b4d89963bced5fa2
# PE import table; Gruntz 7d4bd55b99e32f084834d991badf7609889481f4 format.
rva	attributes	base_count	base_array_rva
0x2fe0ac	0x0	2	0x2fe0a0
0x2fe10c	0x0	2	0x2fe100
0x2fe154	0x0	2	0x2fe148
0x2fe180	0x0	1	0x2fe178
0x2fe1c4	0x0	1	0x2fe1bc
0x2fe208	0x0	1	0x2fe200
0x2fe24c	0x0	1	0x2fe244
0x2fe294	0x0	2	0x2fe288
0x2fe2dc	0x0	2	0x2fe2d0
0x2fe320	0x0	1	0x2fe318
0x2fe368	0x0	2	0x2fe35c
0x2fe3c8	0x0	2	0x2fe3bc
0x2fe3f4	0x0	1	0x2fe3ec
0x2fe458	0x0	3	0x2fe448
0x2fe4a4	0x0	3	0x2fe494
0x2fe4f0	0x0	3	0x2fe4e0
0x2fe53c	0x0	3	0x2fe52c
0x2fe588	0x0	3	0x2fe578
0x2fe5d4	0x0	3	0x2fe5c4
0x2fe620	0x0	3	0x2fe610
0x2fe66c	0x0	3	0x2fe65c
0x2fe6b8	0x0	3	0x2fe6a8
0x2fe6fc	0x0	1	0x2fe6f4
0x2fe744	0x0	2	0x2fe738
0x2fe78c	0x0	2	0x2fe780
0x2fe7bc	0x0	2	0x2fe7b0
0x2fe838	0x0	3	0x2fe828
0x2fe870	0x0	2	0x2fe860
0x2fe8c0	0x0	3	0x2fe8b0
0x2fe908	0x0	1	0x2fe900
0x2fe938	0x0	1	0x2fe92c
0x2fe980	0x0	2	0x2fe974
