# Literal source-path strings in the pinned PC image; not function or TU bindings.
# Input SHA256: 631a05531e382556cab3544d228b72171eff089b81696269b4d89963bced5fa2
# RVAs identify the strings themselves; raw cross-reference candidates remain in build/analysis/pc.
rva	path
0x0031cd30	C:\projects\meridian\Support\Levels\Swordlight\LevelSwordlight.cpp
0x0031d630	C:\projects\meridian\Support\Levels\RoastMutton\LevelRoastMutton.cpp
0x0031d890	C:\projects\meridian\Support\Levels\TrollHole\LevelTrollHole.cpp
0x0031d998	C:\projects\meridian\Support\Levels\Mirkwood\LevelMirkwood.cpp
0x0031db5c	C:\projects\meridian\Support\Levels\Overhill\LevelOverhill.cpp
0x0031ec18	C:\projects\meridian\Support\Levels\BarrelsOutOfBond\LevelBarrelsOutOfBond.cpp
0x003200c0	C:\projects\meridian\Support\Objects\Bilbo\Bilbo.cpp
0x00320b28	C:\projects\meridian\Support\Objects\Bilbo\BilboCombatState.cpp
0x00320e1c	C:\projects\meridian\Support\Objects\Bilbo\BilboEdge.cpp
0x00320f10	C:\projects\meridian\Support\Objects\Bilbo\BilboHoistable.cpp
0x0032305c	C:\projects\meridian\Support\Objects\Bilbo\BilboInventory.cpp
0x00323d0c	C:\projects\meridian\Support\Objects\Bilbo\BilboLadder.cpp
0x00324060	C:\projects\meridian\Support\Objects\Bilbo\BilboLogicState.cpp
0x00324354	C:\projects\meridian\Support\Objects\Bilbo\BilboNavState.cpp
0x0032439c	C:\projects\meridian\Support\Objects\Bilbo\BilboPickups.cpp
0x00324540	C:\projects\meridian\Support\Objects\Bilbo\BilboPushBlock.cpp
0x00324604	C:\projects\meridian\Support\Objects\Bilbo\BilboRope.cpp
0x00324834	C:\projects\meridian\Support\Objects\Bilbo\BilboSliding.cpp
0x00324874	C:\projects\meridian\Support\Objects\Bilbo\BilboSupport.cpp
0x003248b0	C:\projects\meridian\Support\Objects\Bilbo\BilboSwitches.cpp
0x00326818	C:\projects\meridian\Support\Objects\Character\CharacterObject.cpp
0x00328d40	C:\projects\meridian\Support\Objects\FogVolume\FogVolume.cpp
0x003293d0	C:\projects\meridian\Support\Objects\FXObject\FXObject.cpp
0x0032a04c	C:\projects\meridian\Support\Objects\Meridian\MeridianObj.cpp
0x0032b7a4	C:\projects\meridian\Support\ObjectMgr\Object.cpp
0x0032c360	C:\projects\meridian\Support\Objects\Projectiles\Projectile.cpp
0x0032d0f8	C:\projects\meridian\Support\Objects\Rope\Rope.cpp
0x0032e004	C:\projects\meridian\Support\Objects\Trigger\Trigger.cpp
0x00330874	C:\projects\meridian\apps\meridian\Main.cpp
0x00331a44	C:\projects\meridian\apps\meridian\SystemMenu.cpp
0x00331c48	C:\projects\meridian\apps\meridian\VRAM_Viewer.cpp
0x00335540	C:\projects\meridian\Support\Dialogs\dlg_TextBox.cpp
0x00336e24	C:\projects\meridian\Support\LoadSaveMgr\LoadSaveMgr_PC.cpp
0x00337238	C:\projects\meridian\Support\Objects\MusicLogic\MusicLogic.cpp
0x003377c8	C:\projects\meridian\Support\Animation\AnimGroup.cpp
0x00337800	C:\projects\meridian\Support\Animation\AnimGroup.cpp
0x00337838	C:\projects\meridian\Support\Animation\AnimGroup.cpp
0x00337938	C:\projects\meridian\Support\Animation\AnimGroup.cpp
0x00337970	C:\projects\meridian\Support\Animation\AnimGroup.cpp
0x003379a8	C:\projects\meridian\Support\Animation\AnimGroup.cpp
0x003379e0	C:\projects\meridian\Support\Animation\AnimGroup.cpp
0x00337afc	C:\projects\meridian\Support\Animation\AnimKeyData.cpp
0x00337b34	C:\projects\meridian\Support\Animation\AnimKeyData.cpp
0x00337ba0	C:\projects\meridian\Support\Animation\CharAnimPlayer.cpp
0x00337bdc	C:\projects\meridian\Support\Animation\CharAnimPlayer.cpp
0x00337c18	C:\projects\meridian\Support\Animation\CharAnimPlayer.cpp
0x00337c54	C:\projects\meridian\Support\Animation\CharAnimPlayer.cpp
0x00337d80	C:\projects\meridian\Support\Animation\CharAnimPlayer.cpp
0x00337de4	C:\projects\meridian\Support\Animation\CharAnimPlayer.cpp
0x00337e20	C:\projects\meridian\Support\Animation\CharAnimPlayer.cpp
0x00337e5c	C:\projects\meridian\Support\Animation\CharAnimPlayer.cpp
0x003380bc	C:\projects\meridian\Support\Animation\AnimDecompress.cpp
0x003380f8	C:\projects\meridian\Support\Animation\AnimDecompress.cpp
0x00338134	C:\projects\meridian\Support\Animation\AnimDecompress.cpp
0x00338170	C:\projects\meridian\Support\Animation\AnimDecompress.cpp
0x003381ac	C:\projects\meridian\Support\Animation\AnimDecompress.cpp
0x003381e8	C:\projects\meridian\Support\Animation\AnimDecompress.cpp
0x0033c72c	C:\projects\meridian\xCore\Auxiliary\Bitmap\Load_BMP.cpp
0x0033c768	C:\projects\meridian\xCore\Auxiliary\Bitmap\Load_BMP.cpp
0x0033c7a4	C:\projects\meridian\xCore\Auxiliary\Bitmap\Load_BMP.cpp
0x0033c7e0	C:\projects\meridian\xCore\Auxiliary\Bitmap\Load_BMP.cpp
0x0033c820	C:\projects\meridian\xCore\Auxiliary\Bitmap\Load_TGA.cpp
0x0033c85c	C:\projects\meridian\xCore\Auxiliary\Bitmap\Load_TGA.cpp
0x0033ccc4	C:\projects\meridian\Support\ObjectMgr\ObjectMgr.cpp
0x0033d310	C:\projects\meridian\Support\WeatherMgr\WeatherMgr.cpp
0x0033fa04	C:\projects\meridian\Support\CameraMgr\CameraMgr.cpp
0x003402c8	C:\projects\meridian\Support\CollisionMgr\CollisionMgr.cpp
0x00340e7c	C:\projects\meridian\Support\GameLib\RenderMgr.cpp
0x00341e18	C:\projects\meridian\Support\SelSet\selset.cpp
0x00341e98	C:\projects\meridian\Support\SpatialDBase\SpatialDBase.cpp
0x0034229c	C:\projects\meridian\Support\SaveMgr\SaveMgr.cpp
0x00344200	C:\projects\meridian\Support\Geometry\RenderInterface.cpp
0x00344320	C:\projects\meridian\Support\CollisionMgr\CollMesh.cpp
0x003447bc	C:\projects\meridian\Support\OccluderMgr\OccluderMgr.cpp
0x003448b0	C:\projects\meridian\Support\AI\SenseController.cpp
0x00345c40	C:\projects\meridian\Support\Geometry\geom.cpp
0x00346434	C:\projects\meridian\Support\Pool\Pool.cpp
0x003481ac	C:\projects\meridian\Support\AI\AITrigger.cpp
0x0034997c	C:\projects\meridian\Support\AI\SmaugAttackState.cpp
0x0034a810	C:\projects\meridian\xCore\Auxiliary\Parsing\bitstream.cpp
0x0034a84c	C:\projects\meridian\xCore\Auxiliary\Parsing\bitstream.cpp
0x0034a888	C:\projects\meridian\xCore\Auxiliary\Parsing\bitstream.cpp
0x0034a8f0	C:\projects\meridian\xCore\Auxiliary\Parsing\TextIn.cpp
0x0034a928	C:\projects\meridian\xCore\Auxiliary\Parsing\TextIn.cpp
0x0034aa04	C:\projects\meridian\xCore\Auxiliary\Parsing\TextIn.cpp
0x0034aa3c	C:\projects\meridian\xCore\Auxiliary\Parsing\TextIn.cpp
0x0034aae4	C:\projects\meridian\xCore\Auxiliary\Parsing\TextIn.cpp
0x0034af04	C:\projects\meridian\xCore\Auxiliary\Parsing\TextIn.cpp
0x0034b054	C:\projects\meridian\xCore\Auxiliary\Parsing\TextIn.cpp
0x0034b158	C:\projects\meridian\xCore\Auxiliary\Parsing\BinIn.cpp
0x0034b190	C:\projects\meridian\xCore\Auxiliary\Parsing\BinIn.cpp
0x0034b1c8	C:\projects\meridian\xCore\Auxiliary\Parsing\BinIn.cpp
0x0034b218	C:\projects\meridian\xCore\Auxiliary\Parsing\BinIn.cpp
0x0034b250	C:\projects\meridian\xCore\Auxiliary\Parsing\BinIn.cpp
0x0034b2d8	C:\projects\meridian\xCore\Auxiliary\Parsing\BinIn.cpp
0x0034b310	C:\projects\meridian\xCore\Auxiliary\Parsing\BinIn.cpp
0x0034b3e8	C:\projects\meridian\xCore\Auxiliary\Parsing\TextOut.cpp
0x0034b424	C:\projects\meridian\xCore\Auxiliary\Parsing\TextOut.cpp
0x0034b464	C:\projects\meridian\xCore\Auxiliary\Parsing\TextOut.cpp
0x0034b4a0	C:\projects\meridian\xCore\Auxiliary\Parsing\TextOut.cpp
0x0034b530	C:\projects\meridian\xCore\Auxiliary\Parsing\TextOut.cpp
0x0034b56c	C:\projects\meridian\xCore\Auxiliary\Parsing\TextOut.cpp
0x0034b5ec	C:\projects\meridian\xCore\Auxiliary\Parsing\TextOut.cpp
0x0034b628	C:\projects\meridian\xCore\Auxiliary\Parsing\TextOut.cpp
0x0034b6bc	C:\projects\meridian\xCore\Auxiliary\Parsing\tokenizer.cpp
0x0034b6f8	C:\projects\meridian\xCore\Auxiliary\Parsing\tokenizer.cpp
0x0034b734	C:\projects\meridian\xCore\Auxiliary\Parsing\tokenizer.cpp
0x0034b798	C:\projects\meridian\xCore\Auxiliary\Parsing\tokenizer.cpp
0x0034b7d4	C:\projects\meridian\xCore\Auxiliary\Parsing\tokenizer.cpp
0x0034b810	C:\projects\meridian\xCore\Auxiliary\Parsing\tokenizer.cpp
0x0034b84c	C:\projects\meridian\xCore\Auxiliary\Parsing\tokenizer.cpp
0x0034b8bc	C:\projects\meridian\Support\ScriptVM\vm_core.cpp
0x0034c590	C:\projects\meridian\xCore\x_files\Implementation\x_plus.cpp
0x0034c5d0	C:\projects\meridian\xCore\x_files\Implementation\x_plus.cpp
0x0034c900	C:\projects\meridian\xCore\x_files\Implementation\x_context.cpp
0x0034c9b0	C:\projects\meridian\xCore\x_files\Implementation\x_string.cpp
0x0034c9f0	C:\projects\meridian\xCore\x_files\Implementation\x_string.cpp
0x0034ca30	C:\projects\meridian\xCore\x_files\Implementation\x_string.cpp
0x0034ca70	C:\projects\meridian\xCore\x_files\Implementation\x_string.cpp
0x0034cab0	C:\projects\meridian\xCore\x_files\Implementation\x_string.cpp
0x0034cb20	C:\projects\meridian\xCore\x_files\Implementation\x_string.cpp
0x0034cb60	C:\projects\meridian\xCore\x_files\Implementation\x_string.cpp
0x0034cba0	C:\projects\meridian\xCore\x_files\Implementation\x_string.cpp
0x0034cbe0	C:\projects\meridian\xCore\x_files\Implementation\x_string.cpp
0x0034cc20	C:\projects\meridian\xCore\x_files\Implementation\x_string.cpp
0x0034d01c	C:\projects\meridian\xCore\x_files\Implementation\x_bitmap.cpp
0x0034d05c	C:\projects\meridian\xCore\x_files\Implementation\x_bitmap.cpp
0x0034d09c	C:\projects\meridian\xCore\x_files\Implementation\x_bitmap.cpp
0x0034d0dc	C:\projects\meridian\xCore\x_files\Implementation\x_bitmap.cpp
0x0034d11c	C:\projects\meridian\xCore\x_files\Implementation\x_bitmap.cpp
0x0034d15c	C:\projects\meridian\xCore\x_files\Implementation\x_bitmap.cpp
0x0034d19c	C:\projects\meridian\xCore\x_files\Implementation\x_bitmap.cpp
0x0034d1dc	C:\projects\meridian\xCore\x_files\Implementation\x_bitmap.cpp
0x0034d220	C:\projects\meridian\xCore\x_files\Implementation\x_bytestream.cpp
0x0034d268	C:\projects\meridian\xCore\x_files\Implementation\x_bytestream.cpp
0x0034d2b0	C:\projects\meridian\xCore\x_files\Implementation\x_bytestream.cpp
0x0034d2f8	C:\projects\meridian\xCore\x_files\Implementation\x_bytestream.cpp
0x0034d340	C:\projects\meridian\xCore\x_files\Implementation\x_bytestream.cpp
0x0034d388	C:\projects\meridian\xCore\x_files\Implementation\x_bytestream.cpp
0x0034d3e0	C:\projects\meridian\xCore\x_files\Implementation\x_bitmap_io.cpp
0x0034d428	C:\projects\meridian\xCore\x_files\Implementation\x_bitmap_io.cpp
0x0034d648	C:\projects\meridian\xCore\x_files\Implementation\x_bitmap_io.cpp
0x0034d690	C:\projects\meridian\xCore\x_files\Implementation\x_bitmap_io.cpp
0x0034d6f0	C:\projects\meridian\xCore\x_files\Implementation\x_threads.cpp
0x0034d790	C:\projects\meridian\xCore\x_files\Implementation\x_threads.cpp
0x0034d7d0	C:\projects\meridian\xCore\x_files\Implementation\x_threads.cpp
0x0034d810	C:\projects\meridian\xCore\x_files\Implementation\x_threads.cpp
0x0034d850	C:\projects\meridian\xCore\x_files\Implementation\x_threads.cpp
0x0034d890	C:\projects\meridian\xCore\x_files\Implementation\x_bitmap_convert.cpp
0x0034d8d8	C:\projects\meridian\xCore\x_files\Implementation\x_bitmap_convert.cpp
0x0034d920	C:\projects\meridian\xCore\x_files\Implementation\x_bitmap_convert.cpp
0x0034d968	C:\projects\meridian\xCore\x_files\Implementation\x_bitmap_convert.cpp
0x0034d9b0	C:\projects\meridian\xCore\x_files\Implementation\x_bitmap_convert.cpp
0x0034d9f8	C:\projects\meridian\xCore\x_files\Implementation\x_bitmap_convert.cpp
0x0034da40	C:\projects\meridian\xCore\x_files\Implementation\x_bitmap_convert.cpp
0x0034da88	C:\projects\meridian\xCore\x_files\Implementation\x_bitmap_convert.cpp
0x0034dad0	C:\projects\meridian\xCore\x_files\Implementation\x_bitmap_convert.cpp
0x0034db18	C:\projects\meridian\xCore\x_files\Implementation\x_bitmap_convert.cpp
0x0034db60	C:\projects\meridian\xCore\x_files\Implementation\x_bitmap_convert.cpp
0x0034dba8	C:\projects\meridian\xCore\x_files\Implementation\x_bitmap_convert.cpp
0x0034dbf0	C:\projects\meridian\xCore\x_files\Implementation\x_bitmap_convert.cpp
0x0034dc38	C:\projects\meridian\xCore\x_files\Implementation\x_bitmap_convert.cpp
0x0034dc80	C:\projects\meridian\xCore\x_files\Implementation\x_bitmap_convert.cpp
0x0034dcc8	C:\projects\meridian\xCore\x_files\Implementation\x_bitmap_convert.cpp
0x0034dd10	C:\projects\meridian\xCore\x_files\Implementation\x_bitmap_convert.cpp
0x0034dd58	C:\projects\meridian\xCore\x_files\Implementation\x_bitmap_convert.cpp
0x0034dda0	C:\projects\meridian\xCore\x_files\Implementation\x_bitmap_convert.cpp
0x0034dde8	C:\projects\meridian\xCore\x_files\Implementation\x_bitmap_convert.cpp
0x0034de30	C:\projects\meridian\xCore\x_files\Implementation\x_bitmap_convert.cpp
0x0034de78	C:\projects\meridian\xCore\x_files\Implementation\x_bitmap_convert.cpp
0x0034dec0	C:\projects\meridian\xCore\x_files\Implementation\x_mqueue.cpp
0x0034df00	C:\projects\meridian\xCore\x_files\Implementation\x_mqueue.cpp
0x0034df40	C:\projects\meridian\xCore\x_files\Implementation\x_bitmap_cmap.cpp
0x0034df88	C:\projects\meridian\xCore\x_files\Implementation\x_bitmap_cmap.cpp
0x0034dfd0	C:\projects\meridian\xCore\x_files\Implementation\x_bitmap_cmap.cpp
0x0034e018	C:\projects\meridian\xCore\x_files\Implementation\x_bitmap_cmap.cpp
0x0034e060	C:\projects\meridian\xCore\x_files\Implementation\x_bitmap_quant.cpp
0x0034e0a8	C:\projects\meridian\xCore\x_files\Implementation\x_bitmap_quant.cpp
0x00350310	C:\projects\meridian\xCore\entropy\D3DEngine\d3deng_draw.cpp
0x00350350	C:\projects\meridian\xCore\entropy\D3DEngine\d3deng_draw.cpp
0x003505d4	C:\projects\meridian\xCore\entropy\Common\e_ScratchMem.cpp
0x00350610	C:\projects\meridian\xCore\entropy\Common\e_ScratchMem.cpp
0x0035064c	C:\projects\meridian\xCore\entropy\Common\e_ScratchMem.cpp
0x00350688	C:\projects\meridian\xCore\entropy\Common\e_ScratchMem.cpp
0x003506c4	C:\projects\meridian\xCore\entropy\Common\e_Virtual.cpp
0x003506fc	C:\projects\meridian\xCore\entropy\Common\e_Virtual.cpp
0x00352cd8	C:\projects\meridian\xCore\entropy\Audio\Hardware\audio_stream_pc.cpp
0x00352d20	C:\projects\meridian\xCore\entropy\Audio\Hardware\audio_stream_pc.cpp
0x00352e40	C:\projects\meridian\xCore\entropy\Audio\Hardware\audio_hardware_pc.cpp
0x00352e88	C:\projects\meridian\xCore\entropy\Audio\Hardware\audio_hardware_pc.cpp
0x00352f8c	C:\projects\meridian\xCore\entropy\Audio\audio_package.cpp
0x00352fc8	C:\projects\meridian\xCore\entropy\Audio\audio_package.cpp
0x00353004	C:\projects\meridian\xCore\entropy\Audio\audio_package.cpp
0x00353040	C:\projects\meridian\xCore\entropy\Audio\audio_package.cpp
0x0035307c	C:\projects\meridian\xCore\entropy\Audio\audio_package.cpp
0x003530b8	C:\projects\meridian\xCore\entropy\Audio\audio_package.cpp
0x003530f4	C:\projects\meridian\xCore\entropy\Audio\audio_package.cpp
0x00353130	C:\projects\meridian\xCore\entropy\Audio\audio_package.cpp
0x0035316c	C:\projects\meridian\xCore\entropy\Audio\audio_package.cpp
0x003531a8	C:\projects\meridian\xCore\entropy\Audio\audio_package.cpp
0x00353210	C:\projects\meridian\xCore\entropy\Audio\audio_package.cpp
0x0035324c	C:\projects\meridian\xCore\entropy\Audio\audio_package.cpp
0x00353288	C:\projects\meridian\xCore\entropy\Audio\audio_package.cpp
0x003532c4	C:\projects\meridian\xCore\entropy\Audio\audio_package.cpp
0x00353300	C:\projects\meridian\xCore\entropy\Audio\audio_package.cpp
0x0035333c	C:\projects\meridian\xCore\entropy\Audio\audio_package.cpp
0x00353378	C:\projects\meridian\xCore\entropy\Audio\audio_package.cpp
0x003533b4	C:\projects\meridian\xCore\entropy\Audio\audio_package.cpp
0x003533f0	C:\projects\meridian\xCore\entropy\Audio\audio_package.cpp
0x0035342c	C:\projects\meridian\xCore\entropy\Audio\audio_package.cpp
0x00353468	C:\projects\meridian\xCore\entropy\Common\e_Text.cpp
0x003534b8	C:\projects\meridian\xCore\entropy\Common\e_Text.cpp
0x003534f0	C:\projects\meridian\xCore\entropy\Common\e_Text.cpp
0x003539f8	C:\projects\meridian\xCore\entropy\IOManager\io_cache.cpp
0x00353a34	C:\projects\meridian\xCore\entropy\IOManager\io_cache.cpp
0x00353ad4	C:\projects\meridian\xCore\entropy\IOManager\io_device.cpp
0x00353b1c	C:\projects\meridian\xCore\entropy\IOManager\io_device.cpp
0x00353b90	C:\projects\meridian\xCore\entropy\Common\e_SimpleAllocator.cpp
0x00353bd0	C:\projects\meridian\xCore\entropy\Common\e_SimpleAllocator.cpp
0x0035593c	C:\projects\meridian\Support\UI\ui_manager.cpp
0x00356168	C:\projects\meridian\Support\MoviePlayer\MoviePlayer_Bink.cpp
0x003561d4	C:\projects\meridian\xCore\Auxiliary\MeshUtil\RawAnim.cpp
0x00356290	C:\projects\meridian\xCore\Auxiliary\MeshUtil\RawAnim.cpp
0x00356480	C:\projects\meridian\xCore\Auxiliary\MeshUtil\RawAnim.cpp
0x00356594	C:\projects\meridian\xCore\Auxiliary\MeshUtil\RawAnim.cpp
0x003565d0	C:\projects\meridian\xCore\Auxiliary\MeshUtil\RawAnim.cpp
0x00356614	C:\projects\meridian\xCore\Auxiliary\MeshUtil\RawAnim.cpp
0x00356650	C:\projects\meridian\xCore\Auxiliary\MeshUtil\RawAnim.cpp
0x0035668c	C:\projects\meridian\xCore\Auxiliary\MeshUtil\RawAnim.cpp
0x003566d8	C:\projects\meridian\xCore\Auxiliary\MeshUtil\RawAnim.cpp
0x00356718	C:\projects\meridian\xCore\Auxiliary\MeshUtil\RawMesh.cpp
0x00356d4c	C:\projects\meridian\xCore\Auxiliary\MeshUtil\RawMesh.cpp
0x00357b78	C:\projects\meridian\xCore\Auxiliary\fx_RunTime\fx_Mgr.cpp
