# Reviewed actual native compiler data; source literals and private ordinals are not retail spellings.
# Reprove defining source/header/profile/object and retire a row if genuine automatic pairing supersedes it.
rva	size	name	owner	class
0x31ceac	0x6	$SG58244	UI_ui_win	string
0x355bd0	0x1e	$SG60641	UI_ui_manager	string
0x355bf0	0xf	$SG60629	UI_ui_manager	string
0x355c00	0x13	$SG60618	UI_ui_manager	string
0x355c64	0x12	$SG58694	UI_ui_dialog	string
0x355cbc	0x11	$SG58404	UI_ui_frame	string
0x355d08	0x13	$SG59837	UI_ui_listbox	string
0x355d4c	0x11	$SG62922	UI_ui_check	string
0x355d78	0x12	$SG62970	UI_ui_slider	string
0x355e38	0x13	$SG59689	UI_ui_textbox	string
0x355e64	0x10	$SG58350	UI_ui_text	string
0x355e8c	0x11	$SG58350	UI_ui_radio	string
0x355eb8	0x12	$SG58352	UI_ui_button	string
0x355f80	0x13	$SG58136	UI_ui_control	string
